https://www.naukri.com/jobs-by-location,div.column div.section_white_title ul li a
https://www.naukri.com/top-skill-jobs,div.colspan_four.collapse a
https://www.naukri.com/jobs-by-category,div.browseFunctionalArea.section_white_title div.multiColumn.colCount_four a
https://www.naukri.com/jobs-by-category,div.browseIndustry.section_white_title div.multiColumn.colCount_four a
https://www.naukri.com/top-company-jobs-a,div.multiColumn.colCount_four a
https://www.naukri.com/top-company-jobs-b,div.multiColumn.colCount_four a
https://www.naukri.com/top-company-jobs-c,div.multiColumn.colCount_four a
https://www.naukri.com/top-company-jobs-d,div.multiColumn.colCount_four a
https://www.naukri.com/top-company-jobs-e,div.multiColumn.colCount_four a
https://www.naukri.com/top-company-jobs-f,div.multiColumn.colCount_four a
https://www.naukri.com/top-company-jobs-g,div.multiColumn.colCount_four a
https://www.naukri.com/top-company-jobs-h,div.multiColumn.colCount_four a
https://www.naukri.com/top-company-jobs-i,div.multiColumn.colCount_four a
https://www.naukri.com/top-company-jobs-j,div.multiColumn.colCount_four a
https://www.naukri.com/top-company-jobs-k,div.multiColumn.colCount_four a
https://www.naukri.com/top-company-jobs-l,div.multiColumn.colCount_four a
https://www.naukri.com/top-company-jobs-m,div.multiColumn.colCount_four a
https://www.naukri.com/top-company-jobs-n,div.multiColumn.colCount_four a
https://www.naukri.com/top-company-jobs-o,div.multiColumn.colCount_four a
https://www.naukri.com/top-company-jobs-p,div.multiColumn.colCount_four a
https://www.naukri.com/top-company-jobs-q,div.multiColumn.colCount_four a
https://www.naukri.com/top-company-jobs-r,div.multiColumn.colCount_four a
https://www.naukri.com/top-company-jobs-s,div.multiColumn.colCount_four a
https://www.naukri.com/top-company-jobs-t,div.multiColumn.colCount_four a
https://www.naukri.com/top-company-jobs-u,div.multiColumn.colCount_four a
https://www.naukri.com/top-company-jobs-v,div.multiColumn.colCount_four a
https://www.naukri.com/top-company-jobs-w,div.multiColumn.colCount_four a
https://www.naukri.com/top-company-jobs-x,div.multiColumn.colCount_four a
https://www.naukri.com/top-company-jobs-y,div.multiColumn.colCount_four a
https://www.naukri.com/top-company-jobs-z,div.multiColumn.colCount_four a
https://www.naukri.com/top-company-jobs-0-9,div.multiColumn.colCount_four a
https://www.naukri.com/top-jobs-by-designations-a,div.multiColumn.colCount_four a
https://www.naukri.com/top-jobs-by-designations-b,div.multiColumn.colCount_four a
https://www.naukri.com/top-jobs-by-designations-c,div.multiColumn.colCount_four a
https://www.naukri.com/top-jobs-by-designations-d,div.multiColumn.colCount_four a
https://www.naukri.com/top-jobs-by-designations-e,div.multiColumn.colCount_four a
https://www.naukri.com/top-jobs-by-designations-f,div.multiColumn.colCount_four a
https://www.naukri.com/top-jobs-by-designations-g,div.multiColumn.colCount_four a
https://www.naukri.com/top-jobs-by-designations-h,div.multiColumn.colCount_four a
https://www.naukri.com/top-jobs-by-designations-i,div.multiColumn.colCount_four a
https://www.naukri.com/top-jobs-by-designations-j,div.multiColumn.colCount_four a
https://www.naukri.com/top-jobs-by-designations-k,div.multiColumn.colCount_four a
https://www.naukri.com/top-jobs-by-designations-l,div.multiColumn.colCount_four a
https://www.naukri.com/top-jobs-by-designations-m,div.multiColumn.colCount_four a
https://www.naukri.com/top-jobs-by-designations-n,div.multiColumn.colCount_four a
https://www.naukri.com/top-jobs-by-designations-o,div.multiColumn.colCount_four a
https://www.naukri.com/top-jobs-by-designations-p,div.multiColumn.colCount_four a
https://www.naukri.com/top-jobs-by-designations-q,div.multiColumn.colCount_four a
https://www.naukri.com/top-jobs-by-designations-r,div.multiColumn.colCount_four a
https://www.naukri.com/top-jobs-by-designations-s,div.multiColumn.colCount_four a
https://www.naukri.com/top-jobs-by-designations-t,div.multiColumn.colCount_four a
https://www.naukri.com/top-jobs-by-designations-u,div.multiColumn.colCount_four a
https://www.naukri.com/top-jobs-by-designations-v,div.multiColumn.colCount_four a
https://www.naukri.com/top-jobs-by-designations-w,div.multiColumn.colCount_four a
https://www.naukri.com/top-jobs-by-designations-x,div.multiColumn.colCount_four a
https://www.naukri.com/top-jobs-by-designations-y,div.multiColumn.colCount_four a
https://www.naukri.com/top-jobs-by-designations-z,div.multiColumn.colCount_four a
https://www.naukri.com/top-jobs-by-designations-0-9,div.multiColumn.colCount_four a
